<?xml version="1.0" encoding="UTF-8"?>
<project-private xmlns="http://www.netbeans.org/ns/project-private/1">
    <editor-bookmarks xmlns="http://www.netbeans.org/ns/editor-bookmarks/2" lastBookmarkId="0"/>
    <open-files xmlns="http://www.netbeans.org/ns/projectui-open-files/2">
        <group>
            <file>file:/C:/Users/User/Documents/NetBeansProjects/Toyota/Toyota/src/mainpkg/ReviewSubmit.fxml</file>
            <file>file:/C:/Users/User/Documents/NetBeansProjects/Toyota/Toyota/src/mainpkg/ResourceAllocationController.java</file>
            <file>file:/C:/Users/User/Documents/NetBeansProjects/Toyota/Toyota/src/mainpkg/CreateJobCircular.fxml</file>
            <file>file:/C:/Users/User/Documents/NetBeansProjects/Toyota/Toyota/src/mainpkg/Announce.fxml</file>
            <file>file:/C:/Users/User/Documents/NetBeansProjects/Toyota/Toyota/src/mainpkg/FinanceOfficerHomePageController.java</file>
            <file>file:/C:/Users/User/Documents/NetBeansProjects/Toyota/Toyota/src/model/toyotalive.java</file>
            <file>file:/C:/Users/User/Documents/NetBeansProjects/Toyota/Toyota/src/mainpkg/QualityControl.fxml</file>
            <file>file:/C:/Users/User/Documents/NetBeansProjects/Toyota/Toyota/src/mainpkg/CustomerDetail.fxml</file>
            <file>file:/C:/Users/User/Documents/NetBeansProjects/Toyota/Toyota/src/mainpkg/SetMonthlyGoals.fxml</file>
            <file>file:/C:/Users/User/Documents/NetBeansProjects/Toyota/Toyota/src/mainpkg/MakeOrderList.fxml</file>
            <file>file:/C:/Users/User/Documents/NetBeansProjects/Toyota/Toyota/src/mainpkg/DetailsVehicleController.java</file>
            <file>file:/C:/Users/User/Documents/NetBeansProjects/Toyota/Toyota/src/model/BookServiceDetails.java</file>
            <file>file:/C:/Users/User/Documents/NetBeansProjects/Toyota/Toyota/src/model/BalanceSheets.java</file>
            <file>file:/C:/Users/User/Documents/NetBeansProjects/Toyota/Toyota/src/mainpkg/CreateJobCircularController.java</file>
            <file>file:/C:/Users/User/Documents/NetBeansProjects/Toyota/Toyota/src/mainpkg/BalanceSheetsController.java</file>
            <file>file:/C:/Users/User/Documents/NetBeansProjects/Toyota/Toyota/src/mainpkg/ViewLeaveAppNoticeFromFinanceOfficerController.java</file>
            <file>file:/C:/Users/User/Documents/NetBeansProjects/Toyota/Toyota/src/mainpkg/CreateNotice.fxml</file>
            <file>file:/C:/Users/User/Documents/NetBeansProjects/Toyota/Toyota/src/mainpkg/CareerFxmlController.java</file>
            <file>file:/C:/Users/User/Documents/NetBeansProjects/Toyota/Toyota/src/mainpkg/UpdateEmployeeSalary.fxml</file>
            <file>file:/C:/Users/User/Documents/NetBeansProjects/Toyota/Toyota/src/model/Meeting.java</file>
            <file>file:/C:/Users/User/Documents/NetBeansProjects/Toyota/Toyota/src/mainpkg/DecisionMaking.fxml</file>
            <file>file:/C:/Users/User/Documents/NetBeansProjects/Toyota/Toyota/src/mainpkg/SalesAndMarketing.fxml</file>
            <file>file:/C:/Users/User/Documents/NetBeansProjects/Toyota/Toyota/src/mainpkg/CreateNewAccountController.java</file>
            <file>file:/C:/Users/User/Documents/NetBeansProjects/Toyota/Toyota/src/mainpkg/UI1Controller.java</file>
            <file>file:/C:/Users/User/Documents/NetBeansProjects/Toyota/Toyota/src/model/Employee.java</file>
            <file>file:/C:/Users/User/Documents/NetBeansProjects/Toyota/Toyota/src/model/Worker.java</file>
            <file>file:/C:/Users/User/Documents/NetBeansProjects/Toyota/Toyota/src/mainpkg/UI1.fxml</file>
            <file>file:/C:/Users/User/Documents/NetBeansProjects/Toyota/Toyota/src/mainpkg/AnnounceController.java</file>
            <file>file:/C:/Users/User/Documents/NetBeansProjects/Toyota/Toyota/src/mainpkg/DetailsVehicle.fxml</file>
            <file>file:/C:/Users/User/Documents/NetBeansProjects/Toyota/Toyota/src/mainpkg/ViewNotice.fxml</file>
            <file>file:/C:/Users/User/Documents/NetBeansProjects/Toyota/Toyota/src/model/Contact.java</file>
            <file>file:/C:/Users/User/Documents/NetBeansProjects/Toyota/Toyota/src/mainpkg/MonthlyStatementController.java</file>
            <file>file:/C:/Users/User/Documents/NetBeansProjects/Toyota/Toyota/src/mainpkg/ContactFxmlController.java</file>
            <file>file:/C:/Users/User/Documents/NetBeansProjects/Toyota/Toyota/src/model/Sales.java</file>
            <file>file:/C:/Users/User/Documents/NetBeansProjects/Toyota/Toyota/src/mainpkg/BookServiceController.java</file>
            <file>file:/C:/Users/User/Documents/NetBeansProjects/Toyota/Toyota/src/mainpkg/EquipmentInventory.fxml</file>
            <file>file:/C:/Users/User/Documents/NetBeansProjects/Toyota/Toyota/src/mainpkg/DecisionMakingController.java</file>
            <file>file:/C:/Users/User/Documents/NetBeansProjects/Toyota/Toyota/src/model/TakataRecall.java</file>
            <file>file:/C:/Users/User/Documents/NetBeansProjects/Toyota/Toyota/src/mainpkg/OpportunitiesForImprovementController.java</file>
            <file>file:/C:/Users/User/Documents/NetBeansProjects/Toyota/Toyota/src/mainpkg/CreateNoticeController.java</file>
            <file>file:/C:/Users/User/Documents/NetBeansProjects/Toyota/Toyota/src/mainpkg/CustomerDetailController.java</file>
            <file>file:/C:/Users/User/Documents/NetBeansProjects/Toyota/Toyota/src/mainpkg/QualityControlController.java</file>
            <file>file:/C:/Users/User/Documents/NetBeansProjects/Toyota/Toyota/src/mainpkg/BalanceSheets.fxml</file>
            <file>file:/C:/Users/User/Documents/NetBeansProjects/Toyota/Toyota/src/mainpkg/TAKATARECALLController.java</file>
            <file>file:/C:/Users/User/Documents/NetBeansProjects/Toyota/Toyota/src/mainpkg/SalesAndMarketingController.java</file>
            <file>file:/C:/Users/User/Documents/NetBeansProjects/Toyota/Toyota/src/mainpkg/EquipmentInventoryController.java</file>
            <file>file:/C:/Users/User/Documents/NetBeansProjects/Toyota/Toyota/src/mainpkg/ProductionController.java</file>
            <file>file:/C:/Users/User/Documents/NetBeansProjects/Toyota/Toyota/src/mainpkg/TaskManagement.fxml</file>
            <file>file:/C:/Users/User/Documents/NetBeansProjects/Toyota/Toyota/src/mainpkg/Mainpkg.java</file>
            <file>file:/C:/Users/User/Documents/NetBeansProjects/Toyota/Toyota/src/mainpkg/DesignAndResearchDevelopmentController.java</file>
            <file>file:/C:/Users/User/Documents/NetBeansProjects/Toyota/Toyota/src/mainpkg/Production.fxml</file>
            <file>file:/C:/Users/User/Documents/NetBeansProjects/Toyota/Toyota/src/model/ApplicationClass.java</file>
            <file>file:/C:/Users/User/Documents/NetBeansProjects/Toyota/Toyota/src/mainpkg/ResourceAllocation.fxml</file>
            <file>file:/C:/Users/User/Documents/NetBeansProjects/Toyota/Toyota/src/mainpkg/SetMonthlyGoalsController.java</file>
            <file>file:/C:/Users/User/Documents/NetBeansProjects/Toyota/Toyota/src/model/Announce.java</file>
            <file>file:/C:/Users/User/Documents/NetBeansProjects/Toyota/Toyota/src/mainpkg/ProductionOutputController.java</file>
            <file>file:/C:/Users/User/Documents/NetBeansProjects/Toyota/Toyota/src/mainpkg/GuestmHomePageController.java</file>
            <file>file:/C:/Users/User/Documents/NetBeansProjects/Toyota/Toyota/src/mainpkg/SupplyChainAndLogistics.fxml</file>
            <file>file:/C:/Users/User/Documents/NetBeansProjects/Toyota/Toyota/src/mainpkg/LeaveApplicationController.java</file>
            <file>file:/C:/Users/User/Documents/NetBeansProjects/Toyota/Toyota/src/mainpkg/CustomerMainPage.fxml</file>
            <file>file:/C:/Users/User/Documents/NetBeansProjects/Toyota/Toyota/src/mainpkg/CustomerMainPageController.java</file>
            <file>file:/C:/Users/User/Documents/NetBeansProjects/Toyota/Toyota/src/model/Guest.java</file>
            <file>file:/C:/Users/User/Documents/NetBeansProjects/Toyota/Toyota/src/mainpkg/ViewOrderController.java</file>
            <file>file:/C:/Users/User/Documents/NetBeansProjects/Toyota/Toyota/src/mainpkg/KeepRecordsController.java</file>
            <file>file:/C:/Users/User/Documents/NetBeansProjects/Toyota/Toyota/src/mainpkg/ReviewSubmitController.java</file>
            <file>file:/C:/Users/User/Documents/NetBeansProjects/Toyota/Toyota/src/mainpkg/ViewOrder.fxml</file>
            <file>file:/C:/Users/User/Documents/NetBeansProjects/Toyota/Toyota/src/mainpkg/ViewAllNotice.fxml</file>
            <file>file:/C:/Users/User/Documents/NetBeansProjects/Toyota/Toyota/src/model/LiveSession.java</file>
            <file>file:/C:/Users/User/Documents/NetBeansProjects/Toyota/Toyota/src/mainpkg/DirectorGeneralHomePageController.java</file>
            <file>file:/C:/Users/User/Documents/NetBeansProjects/Toyota/Toyota/src/mainpkg/InventoryTrackingController.java</file>
            <file>file:/C:/Users/User/Documents/NetBeansProjects/Toyota/Toyota/src/mainpkg/CheckPayment.fxml</file>
            <file>file:/C:/Users/User/Documents/NetBeansProjects/Toyota/Toyota/src/mainpkg/ProcessInvoice.fxml</file>
            <file>file:/C:/Users/User/Documents/NetBeansProjects/Toyota/Toyota/src/mainpkg/Warehouse.fxml</file>
            <file>file:/C:/Users/User/Documents/NetBeansProjects/Toyota/Toyota/src/model/User.java</file>
            <file>file:/C:/Users/User/Documents/NetBeansProjects/Toyota/Toyota/src/mainpkg/SetMeetingController.java</file>
            <file>file:/C:/Users/User/Documents/NetBeansProjects/Toyota/Toyota/src/mainpkg/ProcessInvoiceController.java</file>
            <file>file:/C:/Users/User/Documents/NetBeansProjects/Toyota/Toyota/src/mainpkg/PostANoticeController.java</file>
            <file>file:/C:/Users/User/Documents/NetBeansProjects/Toyota/Toyota/src/model/AppendableObjectOutputStream.java</file>
            <file>file:/C:/Users/User/Documents/NetBeansProjects/Toyota/Toyota/src/mainpkg/CustomerPayDetailsController.java</file>
            <file>file:/C:/Users/User/Documents/NetBeansProjects/Toyota/Toyota/src/model/DirectorGeneral.java</file>
            <file>file:/C:/Users/User/Documents/NetBeansProjects/Toyota/Toyota/src/mainpkg/AssetTrackingController.java</file>
            <file>file:/C:/Users/User/Documents/NetBeansProjects/Toyota/Toyota/src/mainpkg/OpportunitiesForImprovement.fxml</file>
            <file>file:/C:/Users/User/Documents/NetBeansProjects/Toyota/Toyota/src/mainpkg/SetUserInfoToGetUpdateController.java</file>
            <file>file:/C:/Users/User/Documents/NetBeansProjects/Toyota/Toyota/src/mainpkg/ViewNoticeController.java</file>
            <file>file:/C:/Users/User/Documents/NetBeansProjects/Toyota/Toyota/src/mainpkg/UI2.fxml</file>
            <file>file:/C:/Users/User/Documents/NetBeansProjects/Toyota/Toyota/src/mainpkg/TaskManagementController.java</file>
            <file>file:/C:/Users/User/Documents/NetBeansProjects/Toyota/Toyota/src/mainpkg/FXMLDocumentController.java</file>
            <file>file:/C:/Users/User/Documents/NetBeansProjects/Toyota/Toyota/src/mainpkg/AssetTracking.fxml</file>
            <file>file:/C:/Users/User/Documents/NetBeansProjects/Toyota/Toyota/src/mainpkg/WarehouseController.java</file>
            <file>file:/C:/Users/User/Documents/NetBeansProjects/Toyota/Toyota/src/mainpkg/AlertsAndNotifications.fxml</file>
            <file>file:/C:/Users/User/Documents/NetBeansProjects/Toyota/Toyota/src/mainpkg/ViewAllNoticeController.java</file>
            <file>file:/C:/Users/User/Documents/NetBeansProjects/Toyota/Toyota/src/mainpkg/MonthlyStatement.fxml</file>
            <file>file:/C:/Users/User/Documents/NetBeansProjects/Toyota/Toyota/src/mainpkg/CheckPaymentController.java</file>
            <file>file:/C:/Users/User/Documents/NetBeansProjects/Toyota/Toyota/src/model/Customer.java</file>
            <file>file:/C:/Users/User/Documents/NetBeansProjects/Toyota/Toyota/src/model/Goals.java</file>
            <file>file:/C:/Users/User/Documents/NetBeansProjects/Toyota/Toyota/src/mainpkg/MakeOrderListController.java</file>
            <file>file:/C:/Users/User/Documents/NetBeansProjects/Toyota/Toyota/src/mainpkg/AlertsAndNotificationsController.java</file>
            <file>file:/C:/Users/User/Documents/NetBeansProjects/Toyota/Toyota/src/mainpkg/UI2Controller.java</file>
            <file>file:/C:/Users/User/Documents/NetBeansProjects/Toyota/Toyota/src/mainpkg/PostANotice.fxml</file>
            <file>file:/C:/Users/User/Documents/NetBeansProjects/Toyota/Toyota/src/model/VehicleDetails.java</file>
            <file>file:/C:/Users/User/Documents/NetBeansProjects/Toyota/Toyota/src/mainpkg/SetMeeting.fxml</file>
            <file>file:/C:/Users/User/Documents/NetBeansProjects/Toyota/Toyota/src/mainpkg/ShowAllEmployeesController.java</file>
            <file>file:/C:/Users/User/Documents/NetBeansProjects/Toyota/Toyota/src/mainpkg/UpdateEmployeeSalaryController.java</file>
            <file>file:/C:/Users/User/Documents/NetBeansProjects/Toyota/Toyota/src/model/Order.java</file>
            <file>file:/C:/Users/User/Documents/NetBeansProjects/Toyota/Toyota/src/mainpkg/ShowAllEmployees.fxml</file>
            <file>file:/C:/Users/User/Documents/NetBeansProjects/Toyota/Toyota/src/mainpkg/SupplyChainAndLogisticsController.java</file>
            <file>file:/C:/Users/User/Documents/NetBeansProjects/Toyota/Toyota/src/model/FinancialOfficer.java</file>
            <file>file:/C:/Users/User/Documents/NetBeansProjects/Toyota/Toyota/src/mainpkg/ProductionOutput.fxml</file>
            <file>file:/C:/Users/User/Documents/NetBeansProjects/Toyota/Toyota/src/mainpkg/DashboardController.java</file>
            <file>file:/C:/Users/User/Documents/NetBeansProjects/Toyota/Toyota/src/model/Application.java</file>
        </group>
    </open-files>
</project-private>
